{
  "overlayIdentityUnlocks": true,
  "overlayIdentityRevokes": true,
  "revokeIdentityOnDeath": false,
  "identitiesEquipItems": true,
  "identitiesEquipArmor": true,
  "hostilesIgnoreHostileIdentityPlayer": true,
  "hostilesForgetNewHostileIdentityPlayer": false,
  "wolvesAttackIdentityPrey": true,
  "ownedWolvesAttackIdentityPrey": false,
  "villagersRunFromIdentities": true,
  "foxesAttackIdentityPrey": true,
  "useIdentitySounds": true,
  "playAmbientSounds": true,
  "hearSelfAmbient": false,
  "enableFlight": true,
  "hostilityTime": 300,
  "advancementsRequiredForFlight": [],
  "scalingHealth": true,
  "maxHealth": 40,
  "enableClientSwapMenu": true,
  "enableSwaps": true,
  "endermanAbilityTeleportDistance": 32,
  "showPlayerNametag": false,
  "forceChangeNew": false,
  "forceChangeAlways": false,
  "logCommands": true,
  "flySpeed": 0.05,
  "killForIdentity": false,
  "requiredKillsForIdentity": 50,
  "requiredKillsByType": {
    "minecraft:elder_guardian": 1,
    "minecraft:wither": 1,
    "minecraft:ender_dragon": 1
  },
  "abilityCooldownMap": {
    "minecraft:blaze": 20,
    "minecraft:enderman": 100,
    "minecraft:witch": 200,
    "minecraft:creeper": 100,
    "minecraft:wither": 200,
    "minecraft:ghast": 60,
    "minecraft:ender_dragon": 20,
    "minecraft:snow_golem": 10,
    "minecraft:evoker": 10
  }
}